days,07/21/2023,07/22/2023,07/23/2023,07/24/2023,07/25/2023,07/26/2023,07/27/2023,07/28/2023,07/29/2023,07/30/2023,07/31/2023,08/01/2023,08/02/2023,08/03/2023,08/04/2023,08/05/2023,08/06/2023,08/07/2023,08/08/2023,08/09/2023,08/10/2023,08/11/2023,08/12/2023,08/13/2023,08/14/2023,08/15/2023,08/16/2023,08/17/2023,08/18/2023,08/19/2023,08/20/2023,08/21/2023,08/22/2023,08/23/2023,08/24/2023,08/25/2023,08/26/2023,08/27/2023,08/28/2023,08/29/2023,08/30/2023,08/31/2023,09/01/2023,09/02/2023,09/03/2023,09/04/2023,09/05/2023,09/06/2023,09/07/2023,09/08/2023,09/09/2023,09/10/2023,09/11/2023,09/12/2023,09/13/2023,09/14/2023,09/15/2023,09/16/2023,09/17/2023,09/18/2023,09/19/2023,09/20/2023,09/21/2023,09/22/2023,09/23/2023,09/24/2023,09/25/2023,09/26/2023,09/27/2023,09/28/2023,09/29/2023,09/30/2023,10/01/2023,10/02/2023,10/03/2023,10/04/2023,10/05/2023,10/06/2023,10/07/2023,10/08/2023,10/09/2023,10/10/2023,10/11/2023,10/12/2023,10/13/2023,10/14/2023,10/15/2023,10/16/2023,10/17/2023,10/18/2023,10/19/2023,10/20/2023,10/21/2023,10/22/2023,10/23/2023,10/24/2023,10/25/2023,10/26/2023,10/27/2023,10/28/2023,10/29/2023,10/30/2023,10/31/2023,11/01/2023,11/02/2023,11/03/2023,11/04/2023,11/05/2023,11/06/2023,11/07/2023,11/08/2023,11/09/2023,11/10/2023,11/11/2023,11/12/2023,11/13/2023,11/14/2023,11/15/2023,11/16/2023,11/17/2023,11/18/2023,11/19/2023,11/20/2023,11/21/2023,11/22/2023,11/23/2023,11/24/2023,11/25/2023,11/26/2023,11/27/2023,11/28/2023,11/29/2023,11/30/2023,12/01/2023,12/02/2023,12/03/2023,12/04/2023,12/05/2023,12/06/2023,12/07/2023,12/08/2023,12/09/2023,12/10/2023,12/11/2023,12/12/2023,12/13/2023,12/14/2023,12/15/2023,12/16/2023,12/17/2023,12/18/2023,12/19/2023,12/20/2023,12/21/2023,12/22/2023,12/23/2023,12/24/2023,12/25/2023,12/26/2023,12/27/2023,12/28/2023,12/29/2023,12/30/2023,12/31/2023,01/01/2024,01/02/2024,01/03/2024,01/04/2024,01/05/2024,01/06/2024,01/07/2024,01/08/2024,01/09/2024,01/10/2024,01/11/2024,01/12/2024,01/13/2024,01/14/2024,01/15/2024,01/16/2024,01/17/2024,01/18/2024,01/19/2024,01/20/2024,01/21/2024
Online News,3727,1757,1776,3394,2417,1814,1705,1819,878,1623,1814,1131,1408,1138,1068,695,994,1427,896,926,947,628,489,665,585,584,649,657,562,362,1066,1246,498,600,676,625,230,279,513,531,249,854,581,284,341,284,334,324,570,253,192,162,235,547,450,313,337,213,194,240,583,169,356,385,133,483,221,370,457,365,449,188,686,456,461,426,323,508,433,534,718,631,1607,665,764,232,360,452,409,278,458,302,230,1017,1440,701,640,412,469,162,282,664,415,341,284,347,390,120,257,258,268,367,3058,1005,372,363,586,425,645,632,184,474,423,575,284,186,321,210,154,778,613,512,255,544,182,219,384,902,1099,1482,622,307,706,4865,1573,1423,2036,1320,653,591,776,566,1787,1563,818,433,190,398,565,755,647,961,503,640,424,539,1070,1612,1908,1453,4773,6318,1560,2900,1474,848,522,1521,2107,756,1264,1992,636,367,834
QQ,0,0,0,0,0,0,0,0,0,0,0,0,0,0,0,0,0,0,0,0,0,0,0,0,0,0,0,0,0,0,0,0,0,0,0,0,0,0,0,0,0,0,0,0,0,0,0,0,0,0,0,0,0,0,0,0,0,0,0,0,0,0,0,0,0,0,0,0,0,0,0,0,0,0,0,0,0,0,0,0,0,0,0,0,0,0,0,0,0,0,0,0,0,0,0,0,0,0,0,0,0,0,0,0,0,0,0,0,0,0,0,0,0,0,0,0,0,0,0,0,0,0,0,0,0,0,0,0,0,0,0,0,0,0,0,0,0,0,0,0,0,0,0,0,0,0,0,0,0,0,0,0,0,0,0,0,0,0,0,0,0,0,0,0,0,0,0,0,0,0,0,0,0,0,0,0,0,0,0,0,0,0,0,0,0
YouTube,98,108,96,99,114,93,93,64,87,57,50,39,36,37,41,34,39,32,79,28,24,31,21,24,27,17,24,18,17,20,15,32,20,12,17,8,13,12,20,16,13,10,11,10,6,7,5,8,7,3,4,4,5,10,2,8,12,10,5,3,8,3,4,4,3,2,2,6,4,8,5,4,2,3,18,3,4,5,5,5,6,5,3,7,1,7,3,10,1,4,2,5,2,3,2,0,1,2,4,0,1,1,1,1,8,1,2,3,2,0,1,3,2,2,2,5,2,3,2,2,2,1,4,0,9,0,1,4,0,11,3,1,5,1,4,5,3,12,6,6,19,7,6,9,10,2,1,21,2,6,8,10,13,6,13,11,6,5,26,4,13,6,7,4,1,9,12,5,10,4,17,29,12,20,13,7,7,5,7,4,21,16,10,1,12
Broadcast,0,0,0,0,0,0,0,0,0,0,0,0,0,0,0,0,0,0,0,0,0,0,0,0,0,0,0,0,0,0,0,0,0,0,0,0,0,0,0,0,0,0,0,0,0,0,0,0,0,0,0,0,0,0,0,0,0,0,0,0,0,0,0,0,0,0,0,0,0,0,0,0,0,0,0,0,0,0,0,0,0,0,0,0,0,0,0,0,0,0,0,0,0,0,0,0,0,0,0,0,0,0,0,0,0,0,0,0,0,0,0,0,0,0,0,0,0,0,0,0,0,0,0,0,0,0,0,0,0,0,0,0,0,0,0,0,0,0,0,0,0,0,0,0,0,0,0,0,0,0,0,0,0,0,0,0,0,0,0,0,0,0,0,0,0,0,0,0,0,0,0,0,0,0,0,0,0,0,0,0,0,0,0,0,0
Facebook,0,0,0,4,1,0,0,0,0,0,3,0,0,0,0,0,1,4,0,0,0,0,1,0,0,0,0,0,0,0,0,0,0,0,0,0,0,0,0,0,0,0,0,0,0,0,0,0,0,0,0,0,0,0,0,0,0,0,0,0,1,0,0,0,0,0,0,0,0,0,0,0,0,0,0,0,0,0,0,0,0,0,0,0,0,0,0,0,0,0,2,0,0,0,0,0,0,0,0,0,0,0,0,0,0,0,0,0,0,0,0,0,0,0,0,0,0,0,0,0,0,0,0,0,0,0,0,0,0,0,0,0,0,0,0,0,0,0,0,0,0,0,0,0,0,0,0,0,0,0,0,0,0,0,0,0,0,0,0,0,0,0,0,0,0,0,0,0,0,0,1,0,0,0,0,0,0,0,0,0,0,0,0,0,0
Legacy Instagram,0,0,0,0,0,0,0,0,0,0,0,0,0,0,0,0,0,0,0,0,0,0,0,0,0,0,0,0,0,0,0,0,0,0,0,0,0,0,0,0,0,0,0,0,0,0,0,0,0,0,0,0,0,0,0,0,0,0,0,0,0,0,0,0,0,0,0,0,0,0,0,0,0,0,0,0,0,0,0,0,0,0,0,0,0,0,0,0,0,0,0,0,0,0,0,0,0,0,0,0,0,0,0,0,0,0,0,0,0,0,0,0,0,0,0,0,0,0,0,0,0,0,0,0,0,0,0,0,0,0,0,0,0,0,0,0,0,0,0,0,0,0,0,0,0,0,0,0,0,0,0,0,0,0,0,0,0,0,0,0,0,0,0,0,0,0,0,0,0,0,0,0,0,0,0,0,0,0,0,0,0,0,0,0,0
Tumblr,4349,6020,6746,6423,8398,6104,6889,5581,4482,4739,4026,3813,3434,3293,2411,2772,2425,2454,2223,2211,1982,1762,1749,1541,1314,1297,1330,1340,1850,1310,2520,1938,1932,1820,1598,1335,1081,1248,1278,2134,1204,937,703,749,1946,1399,648,558,563,642,468,617,460,525,434,554,400,453,498,650,539,497,464,519,416,306,246,283,326,271,332,427,433,717,554,298,262,287,199,221,209,195,174,160,196,190,162,142,320,221,264,361,339,232,187,222,196,171,144,192,190,161,232,280,197,178,134,140,105,132,119,174,136,126,145,183,179,211,269,340,234,250,330,255,371,391,209,411,211,165,200,214,173,211,165,165,133,181,127,139,94,164,89,244,135,117,506,282,236,219,685,304,318,397,180,440,205,137,198,386,349,245,188,214,228,889,247,228,168,140,237,296,408,284,189,229,159,394,295,232,181,147,177,256,337
Instagram,1,0,1,0,0,0,0,1,0,0,0,0,0,0,0,0,1,1,0,0,0,0,0,0,0,0,0,0,0,0,0,0,0,0,0,0,0,0,0,0,0,0,0,0,0,0,0,0,0,0,0,0,0,0,0,0,0,0,0,0,0,0,0,0,0,0,0,0,0,0,0,0,0,0,0,0,0,0,0,0,0,0,0,0,0,0,0,0,0,0,0,0,0,0,0,0,0,0,0,0,0,0,0,0,0,0,0,0,0,0,0,0,0,0,0,0,1,0,0,0,1,0,0,0,0,0,0,0,0,0,0,0,0,0,0,0,0,0,0,1,0,1,1,0,0,0,0,0,0,1,0,0,0,0,0,0,0,0,0,1,0,0,0,2,0,0,0,0,0,0,1,2,0,1,1,0,0,0,1,1,0,0,1,0,1
LinkedIn,0,0,0,0,0,0,0,0,0,0,0,0,0,0,0,0,0,0,0,0,0,0,0,0,0,0,0,0,0,0,0,0,0,0,0,0,0,0,0,0,0,0,0,0,0,0,0,0,0,0,0,0,0,0,0,0,0,0,0,0,0,0,0,0,0,0,0,0,0,0,0,0,0,0,0,0,0,0,0,0,0,0,0,0,0,0,0,0,0,0,0,0,0,0,0,0,0,0,0,0,0,0,0,0,0,0,0,0,0,0,0,0,0,0,0,0,0,0,0,0,0,0,0,0,0,0,0,0,0,0,0,0,0,0,0,0,0,0,0,0,0,0,0,0,0,0,0,0,0,0,0,0,0,0,0,0,0,0,0,0,0,0,0,0,0,0,0,0,0,0,0,0,0,0,0,0,0,0,0,0,0,0,0,0,0
Blogs,235,114,150,211,169,142,111,102,69,82,109,96,82,88,74,42,50,130,67,70,55,60,49,40,38,43,37,46,48,20,22,45,25,36,34,21,12,22,27,26,21,37,30,24,23,24,25,19,24,32,11,15,23,22,22,28,24,6,6,18,16,18,12,15,3,9,22,22,18,12,16,16,15,20,13,13,17,20,6,8,24,22,22,16,25,8,16,36,15,14,24,19,14,18,22,15,18,22,10,5,9,20,22,25,15,18,9,9,12,15,18,18,32,10,18,31,14,21,18,17,13,13,11,12,18,14,17,10,7,14,20,17,14,22,8,9,26,22,30,33,18,20,19,60,46,52,22,25,13,15,23,29,43,46,15,15,26,24,26,39,37,23,24,53,34,28,40,30,30,26,84,101,33,21,47,29,25,18,35,23,20,27,26,10,16
Forums,320,452,592,399,259,229,180,186,143,252,194,140,136,168,130,69,136,106,82,84,69,60,76,81,93,52,58,76,52,74,77,71,68,29,45,26,25,34,35,46,29,37,40,68,56,44,40,107,153,107,130,92,101,51,43,26,49,32,34,32,17,24,19,100,19,17,15,24,13,12,27,17,16,15,36,20,6,13,9,16,15,14,33,20,25,11,37,19,10,8,15,18,19,22,22,14,16,7,9,6,9,18,17,21,18,7,12,14,12,11,20,8,41,19,11,27,21,18,17,17,10,24,26,13,15,10,12,13,38,16,35,18,6,20,13,17,18,17,18,14,25,25,28,62,41,31,74,22,36,67,30,22,22,22,26,30,17,19,13,26,29,29,18,21,27,42,54,34,27,17,58,52,31,50,16,20,16,19,36,22,18,28,22,12,24
Facebook Public,210,72,56,101,73,69,45,43,21,13,37,13,16,22,18,11,25,22,22,17,10,10,10,6,11,14,7,6,7,2,10,5,2,6,7,6,9,6,9,5,2,4,5,4,2,4,9,1,2,2,2,2,2,3,6,8,7,4,1,3,1,3,3,2,0,1,5,1,3,3,1,1,1,0,0,5,4,1,1,4,4,4,2,3,2,1,1,2,2,3,5,4,1,3,2,2,0,1,2,1,1,1,3,1,1,2,0,0,5,1,1,0,3,2,0,1,4,10,4,0,1,0,1,1,1,3,2,2,0,1,5,1,2,1,4,0,3,2,7,9,10,6,6,99,33,9,13,10,6,5,2,4,8,30,7,43,2,7,8,4,9,15,4,2,2,2,6,7,21,20,33,63,8,11,8,3,2,5,11,3,2,13,12,3,2
X,14482,24852,15922,7442,4258,2951,2101,1823,1816,1738,1449,905,1049,1102,779,755,1131,1314,1632,483,378,445,424,884,517,480,430,350,410,289,283,260,170,254,248,130,160,235,565,760,308,618,135,127,283,172,111,98,95,786,199,243,183,137,2471,6034,820,292,169,197,134,91,74,92,134,190,148,135,106,75,74,91,132,125,110,87,83,165,94,155,105,96,79,108,107,128,113,115,93,68,60,84,109,112,63,82,121,175,155,108,93,154,478,319,62,45,54,100,97,87,65,240,1793,362,128,110,74,65,187,103,68,76,48,83,70,70,95,94,76,107,379,229,96,152,267,135,561,271,238,978,320,134,253,2308,351,805,264,437,243,1699,3620,1108,318,405,237,306,383,307,264,219,178,303,221,387,243,310,749,323,586,274,1277,1886,457,805,187,120,158,372,206,111,231,588,189,93,91
VK,0,0,0,0,0,0,0,0,0,0,0,0,0,0,0,0,0,0,0,0,0,0,0,0,0,0,0,0,0,0,0,0,0,0,0,0,0,0,0,0,0,0,0,0,0,0,0,0,0,0,0,0,0,0,0,0,0,0,0,0,0,0,0,0,0,0,0,0,0,0,0,0,0,0,0,0,0,0,0,0,0,0,0,0,0,0,0,0,0,0,0,0,0,0,0,0,0,0,0,0,0,0,0,0,0,0,0,0,0,0,0,0,0,0,0,0,0,0,0,0,0,0,0,0,0,0,0,0,0,0,0,0,0,0,0,0,0,0,0,0,0,0,0,0,0,0,0,0,0,0,0,0,0,0,0,0,0,0,0,0,0,0,0,0,0,0,0,0,0,0,0,0,0,0,0,0,0,0,0,0,0,0,0,0,0
Review,24,28,16,24,24,14,35,12,38,13,22,9,10,20,7,11,6,18,3,2,12,6,16,1,7,6,2,5,2,1,1,1,5,2,1,1,8,5,1,1,12,5,5,7,3,4,2,1,3,3,4,1,1,0,1,1,0,2,0,2,0,0,1,0,1,3,0,1,1,0,19,6,4,1,0,1,1,1,2,1,2,1,0,3,2,4,2,1,0,2,3,0,3,6,1,2,4,1,5,3,4,1,2,2,3,0,12,5,3,1,0,0,5,4,0,4,3,2,3,3,2,1,3,4,0,1,6,0,1,0,1,0,1,1,1,1,3,2,1,1,2,0,1,0,2,5,3,5,8,3,4,2,0,4,4,4,2,2,13,1,2,6,9,6,2,4,3,9,4,5,0,2,8,4,6,5,5,3,1,1,0,1,1,3,3
Reddit,875,1356,1662,1499,1647,1434,1315,1146,591,590,595,451,701,566,584,342,435,590,353,363,354,335,292,197,184,312,220,178,137,113,128,121,142,153,164,94,100,104,154,100,92,195,145,101,125,101,109,96,82,82,76,118,224,134,85,57,65,75,62,78,57,66,77,68,76,121,137,150,58,89,54,81,63,58,128,244,98,36,64,68,69,63,62,53,34,39,155,171,84,45,191,88,57,52,56,45,55,56,36,36,47,55,103,67,34,36,49,52,32,45,37,54,91,49,58,77,69,47,41,28,43,52,36,42,58,46,31,62,93,68,48,44,42,83,82,77,58,58,51,172,112,52,92,137,90,94,80,90,55,153,109,168,97,89,89,33,394,46,110,82,94,81,82,93,102,105,125,92,52,112,255,257,98,79,74,53,53,79,66,35,83,299,103,54,54
4Chan,0,0,0,0,0,0,0,0,0,0,0,0,0,0,0,0,0,0,0,0,0,0,0,0,0,0,0,0,0,0,0,0,0,0,0,0,0,0,0,0,0,0,0,0,0,0,0,0,0,0,0,0,0,0,0,0,0,0,0,0,0,0,0,0,0,0,0,0,0,0,0,0,0,0,0,0,0,0,0,0,0,0,0,0,0,0,0,0,0,0,0,0,0,0,0,0,0,0,0,0,0,0,0,0,0,0,0,0,0,0,0,0,0,0,0,0,0,0,0,0,0,0,0,0,0,0,0,0,0,0,0,0,0,0,0,0,0,0,0,0,0,0,0,0,0,0,0,0,0,0,0,0,0,0,0,0,0,0,0,0,0,0,0,0,0,0,0,0,0,0,0,0,0,0,0,0,0,0,0,0,0,0,0,0,0