days,07/07/23,07/08/23,07/09/23,07/10/23,07/11/23,07/12/23,07/13/2023,07/14/2023,07/15/2023,07/16/2023,07/17/2023,07/18/2023,07/19/2023,07/20/2023,07/21/2023,07/22/2023,07/23/2023,07/24/2023,07/25/2023,07/26/2023,07/27/2023,07/28/2023,07/29/2023,07/30/2023,07/31/2023,08/01/23,08/02/23,08/03/23,08/04/23,08/05/23,08/06/23,08/07/23,08/08/23,08/09/23,08/10/23,08/11/23,08/12/23,08/13/2023,08/14/2023,08/15/2023,08/16/2023,08/17/2023,08/18/2023,08/19/2023,08/20/2023,08/21/2023,08/22/2023,08/23/2023,08/24/2023,08/25/2023,08/26/2023,08/27/2023,08/28/2023,08/29/2023,08/30/2023,08/31/2023,09/01/23,09/02/23,09/03/23,09/04/23,09/05/23,09/06/23,09/07/23,09/08/23,09/09/23,09/10/23,09/11/23,09/12/23,09/13/2023,09/14/2023
Online News,226,212,686,313,70,116,71,57,55,52,63,40,20,26,25,9,17,47,11,10,13,23,20,584,216,27,73,22,24,16,13,28,37,17,20,13,16,19,19,21,6,9,18,7,3,10,5,3,9,7,2,5,9,7,7,6,6,7,8,9,5,10,6,8,12,11,8,6,15,13
QQ,0,0,0,0,0,0,0,0,0,0,0,0,0,0,0,0,0,0,0,0,0,0,0,0,0,0,0,0,0,0,0,0,0,0,0,0,0,0,0,0,0,0,0,0,0,0,0,0,0,0,0,0,0,0,0,0,0,0,0,0,0,0,0,0,0,0,0,0,0,0
YouTube,1,2,2,1,1,0,1,0,2,1,0,0,1,0,0,2,0,0,0,0,0,0,0,0,0,1,1,0,0,0,0,0,0,1,0,0,0,0,0,0,0,0,0,0,0,0,0,0,0,0,0,0,0,0,0,0,1,0,0,0,0,0,10,0,0,0,0,0,0,0
Broadcast,0,0,0,0,0,0,0,0,0,0,0,0,0,0,0,0,0,0,0,0,0,0,0,0,0,0,0,0,0,0,0,0,0,0,0,0,0,0,0,0,0,0,0,0,0,0,0,0,0,0,0,0,0,0,0,0,0,0,0,0,0,0,0,0,0,0,0,0,0,0
Facebook,0,0,0,0,0,0,0,0,0,0,0,0,0,0,0,0,0,0,0,0,1,0,0,0,0,0,0,0,0,0,0,0,0,0,0,0,0,0,0,0,0,0,0,0,0,0,0,0,0,0,0,0,0,0,0,0,0,0,0,0,0,0,0,0,0,0,0,0,0,0
Legacy Instagram,0,0,0,0,0,0,0,0,0,0,0,0,0,0,0,0,0,0,0,0,0,0,0,0,0,0,0,0,0,0,0,0,0,0,0,0,0,0,0,0,0,0,0,0,0,0,0,0,0,0,0,0,0,0,0,0,0,0,0,0,0,0,0,0,0,0,0,0,0,0
Tumblr,9,13,28,14,17,16,8,24,16,10,14,21,18,9,4,11,7,7,9,13,1,6,6,3,10,14,6,5,37,21,10,34,12,12,14,25,16,21,23,14,12,13,12,0,6,11,17,266,166,102,43,34,31,23,24,22,14,47,19,16,18,29,11,13,21,14,25,25,16,6
Instagram,0,0,0,0,0,0,0,0,0,0,0,0,0,0,0,0,0,0,0,0,0,0,0,0,0,0,0,0,0,0,0,0,0,0,0,0,0,0,0,0,0,0,0,0,0,0,0,0,0,0,0,0,0,0,0,0,0,0,0,0,0,0,0,0,0,0,0,0,0,0
LinkedIn,0,0,0,0,0,0,0,0,0,0,0,0,0,0,0,0,0,0,0,0,0,0,0,0,0,0,0,0,0,0,0,0,0,0,0,0,0,0,0,0,0,0,0,0,0,0,0,0,0,0,0,0,0,0,0,0,0,0,0,0,0,0,0,0,0,0,0,0,0,0
Blogs,22,9,12,19,8,5,6,7,4,8,7,1,6,4,1,1,5,5,2,2,4,4,1,4,3,1,7,3,6,1,2,0,2,3,5,0,1,1,1,1,3,0,1,0,2,0,2,1,1,2,1,0,1,2,2,1,0,0,1,1,1,2,0,0,1,3,1,1,0,1
Forums,6,23,26,22,8,10,11,4,6,2,12,1,5,2,4,6,4,3,2,10,1,13,9,11,5,6,7,5,6,5,5,6,3,1,0,1,0,9,5,2,4,3,3,5,5,6,1,0,2,3,3,5,2,1,3,1,2,2,4,7,4,2,1,1,2,2,1,1,0,2
Facebook Public,1,2,6,3,0,0,2,2,1,1,2,1,0,0,0,0,0,2,0,0,0,1,1,0,0,0,1,0,0,0,0,0,0,0,0,0,0,0,0,0,0,0,0,0,0,0,0,1,0,0,0,1,0,0,0,0,0,2,0,0,0,0,0,0,0,0,0,1,0,0
Twitter,152,77,108,110,41,29,48,21,23,17,10,13,17,11,8,9,5,21,11,7,6,8,12,11,4,15,7,11,7,8,15,41,32,14,4,4,18,7,5,1,6,2,6,9,5,4,2,2,5,7,5,6,3,1,1,6,0,3,3,3,2,7,4,12,6,8,18,7,2,6
VK,0,0,0,0,0,0,0,0,0,0,0,0,0,0,0,0,0,0,0,0,0,0,0,0,0,0,0,0,0,0,0,0,0,0,0,0,0,0,0,0,0,0,0,0,0,0,0,0,0,0,0,0,0,0,0,0,0,0,0,0,0,0,0,0,0,0,0,0,0,0
Review,2,0,2,0,0,0,1,0,1,2,0,1,1,0,0,0,10,3,0,0,0,0,1,1,0,0,3,0,2,0,0,0,0,0,0,0,0,0,0,0,0,0,0,1,0,0,0,0,0,1,0,0,0,0,0,0,0,0,1,0,0,0,0,0,0,1,0,0,0,0
Reddit,54,43,53,38,52,46,7,24,15,10,13,13,7,6,8,10,6,7,11,5,8,9,8,4,4,13,4,5,0,31,13,9,3,11,12,5,7,7,5,2,2,4,3,5,12,2,2,4,3,2,2,2,2,6,4,8,8,0,3,4,6,5,7,2,7,2,2,3,2,3
4Chan,0,0,0,0,0,0,0,0,0,0,0,0,0,0,0,0,0,0,0,0,0,0,0,0,0,0,0,0,0,0,0,0,0,0,0,0,0,0,0,0,0,0,0,0,0,0,0,0,0,0,0,0,0,0,0,0,0,0,0,0,0,0,0,0,0,0,0,0,0,0
LexisNexis Licensed News,0,0,0,0,0,0,0,0,0,0,0,0,0,0,0,0,0,0,0,0,0,0,0,0,0,0,0,0,0,0,0,0,0,0,0,0,0,0,0,0,0,0,0,0,0,0,0,0,0,0,0,0,0,0,0,0,0,0,0,0,0,0,0,0,0,0,0,0,0,0